REGION,YEAR,VALUE
"EXAMPLE",2019,29520.1095750978
"EXAMPLE",2020,1072.3391600402
"EXAMPLE",2021,975.353781854723
"EXAMPLE",2022,887.185256231566
